annotator_id,annotator_name,num_annotations,avg_final_score,std_final_score,avg_m1_score,avg_m2_score,num_flagged,flag_rate,likert_accuracy,avg_dimension_score
usr_A99B2640EFF646FBB6B62A68C4B75C9C,subhajitbasak010@gmail.com,3,0.8425641025641025,0.07444204025281667,0.9282051282051282,0.5,2,0.6666666666666666,0.6666666666666666,0.9282051282051282
usr_4EF2B6C45D2D4ED897520E3A6DD745D1,mohitmahur8973@gmail.com,2,0.7523076923076923,0.1218399376813744,0.8153846153846154,0.5,2,1.0,0.5,0.8153846153846154
